{
	"credit": "Made with Blockbench",
	"parent": "item/generated",
	"textures": {
		"layer0": "item/shotgun8_arrow"
	},
	"display": {
		"thirdperson_righthand": {
			"rotation": [78.69, -86.06, 111.56],
			"translation": [-1, 1.6, 0],
			"scale": [0.9, 0.9, 0.9]
		},
		"thirdperson_lefthand": {
			"rotation": [60.71, 85.33, -97.99],
			"translation": [-1, 2.35, 0.5],
			"scale": [0.9, 0.9, 0.9]
		},
		"firstperson_righthand": {
			"rotation": [176.89, -77.64, -146.14],
			"translation": [7.25, 3.25, 1.13],
			"scale": [0.68, 0.68, 0.68]
		},
		"firstperson_lefthand": {
			"rotation": [-1.91, 83, -37.34],
			"translation": [6.75, 3.5, 1.63],
			"scale": [0.68, 0.68, 0.68]
		},
		"head": {
			"rotation": [-24, -90, 0],
			"translation": [0, 11.25, -5]
		}
	}
}